time,low50,low95,median,up50,up95,cname,observed,mean,type
2020-03-28,4,0,16,42,144,Egypt,40,30.959571151915426,IS
2020-03-28,2,0,8,21,73,Senegal,11,15.656998447979413,IS
2020-03-28,18,0,67,173,590,South Africa,17,127.50986912221177,IS
2020-03-28,0,-0,1,4,14,Uganda,7,2.8766567401454934,IS
2020-03-29,5,0,20,52,178,Egypt,33,38.418322388275314,IS
2020-03-29,2,0,8,20,69,Senegal,12,14.780424959377012,IS
2020-03-29,23,0,84,216,737,South Africa,93,159.38362533857867,IS
2020-03-29,0,-0,2,5,17,Uganda,3,3.4485136309183404,IS
2020-03-30,6,0,23,60,205,Egypt,47,44.24527964097864,IS
2020-03-30,2,0,6,17,59,Senegal,20,12.468243381979931,IS
2020-03-30,28,0,103,265,903,South Africa,46,195.33563098075152,IS
2020-03-30,0,-0,2,6,20,Uganda,0,4.156801596850294,IS
2020-03-31,6,0,22,58,198,Egypt,54,42.6828542411663,IS
2020-03-31,2,0,6,17,59,Senegal,13,12.477179964343577,IS
2020-03-31,28,0,103,266,907,South Africa,27,196.14548525326234,IS
2020-03-31,0,-0,2,5,19,Uganda,11,3.979525311363246,IS
2020-04-01,6,0,24,61,208,Egypt,69,44.852998031717306,IS
2020-04-01,2,0,8,20,69,Senegal,15,14.70356503679843,IS
2020-04-01,26,0,95,244,830,South Africa,27,179.61449890735526,IS
2020-04-01,0,-0,3,7,25,Uganda,0,5.279408273543748,IS
2020-04-02,6,0,24,61,209,Egypt,86,45.058988740625786,IS
2020-04-02,2,0,8,21,73,Senegal,5,15.6760998412714,IS
2020-04-02,23,0,84,217,739,South Africa,82,159.8684398026349,IS
2020-04-02,0,-0,3,7,24,Uganda,1,5.048051737473919,IS
2020-04-03,7,0,25,66,224,Egypt,120,48.250652772057876,IS
2020-04-03,2,0,9,24,81,Senegal,12,17.400739803145665,IS
2020-04-03,15,0,55,143,487,South Africa,43,105.16495859920299,IS
2020-04-03,1,-0,3,8,27,Uganda,3,5.652388352715741,IS
2020-04-04,7,0,28,71,244,Egypt,85,52.552319967339514,IS
2020-04-04,2,0,9,24,83,Senegal,12,17.745453045618582,IS
2020-04-04,8,0,29,75,254,South Africa,80,54.875924334267644,IS
2020-04-04,0,-0,2,6,21,Uganda,0,4.424780777051396,IS
2020-04-05,9,0,35,90,306,Egypt,103,66.02949329765477,IS
2020-04-05,2,0,9,25,85,Senegal,3,18.263604032546585,IS
2020-04-05,8,0,32,82,279,South Africa,70,60.11065092593958,IS
2020-04-05,0,-0,2,5,18,Uganda,4,3.6461452542062585,IS
2020-04-06,13,0,47,121,412,Egypt,149,89.07285249484626,IS
2020-04-06,2,0,9,24,83,Senegal,4,17.732274399132542,IS
2020-04-06,8,0,29,74,253,South Africa,31,54.666994612784706,IS
2020-04-06,0,-0,2,5,18,Uganda,0,3.6034196761078943,IS
2020-04-07,15,0,55,143,487,Egypt,128,105.32548094845133,IS
2020-04-07,2,0,8,22,74,Senegal,11,15.803741580429149,IS
2020-04-07,9,0,33,85,289,South Africa,63,62.40273695541918,IS
2020-04-07,0,-0,2,5,18,Uganda,0,3.5933365321663002,IS
2020-04-08,15,0,54,140,477,Egypt,110,103.02327948453902,IS
2020-04-08,2,0,7,19,64,Senegal,7,13.58462053502656,IS
2020-04-08,10,0,37,95,325,South Africa,96,70.14063686560377,IS
2020-04-08,0,-0,1,3,10,Uganda,1,1.9227040523034034,IS
2020-04-09,16,0,60,155,528,Egypt,139,114.0536485154418,IS
2020-04-09,1,0,6,15,53,Senegal,6,11.34376600252914,IS
2020-04-09,11,0,39,102,347,South Africa,89,74.88909367923077,IS
2020-04-09,0,-0,1,3,11,Uganda,0,2.1741286196183416,IS
2020-04-10,19,0,69,177,603,Egypt,95,130.29571424259225,IS
2020-04-10,1,0,6,15,52,Senegal,15,10.97287671382011,IS
2020-04-10,10,0,38,98,334,South Africa,69,72.08403923489116,IS
2020-04-10,0,-0,1,3,10,Uganda,0,2.033890183066847,IS
2020-04-11,22,0,80,206,703,Egypt,145,152.06171312483966,IS
2020-04-11,1,0,5,13,45,Senegal,13,9.603218436438565,IS
2020-04-11,11,0,40,103,351,South Africa,25,75.83263959565318,IS
2020-04-11,0,-0,1,2,8,Uganda,0,1.492977552939303,IS
2020-04-12,21,0,77,199,680,Egypt,126,146.95145300221742,IS
2020-04-12,1,0,5,13,44,Senegal,2,9.252573616642398,IS
2020-04-12,11,0,41,106,362,South Africa,145,78.2147738657916,IS
2020-04-12,0,-0,1,2,7,Uganda,1,1.3714267006571423,IS
2020-04-13,20,0,72,185,629,Egypt,125,136.02567701932225,IS
2020-04-13,1,0,6,16,54,Senegal,11,11.54157727732433,IS
2020-04-13,12,0,44,115,391,South Africa,99,84.51206755898825,IS
2020-04-13,-0,-0,0,1,4,Uganda,0,0.6671471533991801,IS
2020-04-14,19,0,68,177,602,Egypt,160,130.0948375591038,IS
2020-04-14,2,0,7,18,63,Senegal,8,13.460355662678083,IS
2020-04-14,14,0,50,129,439,South Africa,143,94.8324231046027,IS
2020-04-14,-0,-0,0,1,4,Uganda,1,0.7044607234133541,IS
2020-04-15,19,0,68,176,598,Egypt,155,129.36831934703156,IS
2020-04-15,2,0,7,18,63,Senegal,15,13.341706579144429,IS
2020-04-15,14,0,50,129,440,South Africa,91,95.01791008880943,IS
2020-04-15,-0,-0,0,1,4,Uganda,0,0.7538418626914586,IS
2020-04-16,19,0,71,182,620,Egypt,168,134.10046973961272,IS
2020-04-16,2,0,7,19,66,Senegal,21,13.96742410990621,IS
2020-04-16,14,0,51,133,452,South Africa,99,97.76827326172521,IS
2020-04-16,-0,-0,0,1,4,Uganda,0,0.6962282957919403,IS
2020-04-17,20,0,72,186,633,Egypt,171,136.91665663758874,IS
2020-04-17,2,0,8,20,68,Senegal,7,14.552652226979692,IS
2020-04-17,15,0,57,146,499,South Africa,178,107.90621135198884,IS
2020-04-17,-0,-0,0,1,5,Uganda,1,0.835618898005036,IS
2020-04-18,21,0,78,202,688,Egypt,188,148.72954518960083,IS
2020-04-18,2,0,6,17,59,Senegal,8,12.477568386220454,IS
2020-04-18,18,0,65,168,573,South Africa,251,123.95521379655345,IS
2020-04-18,-0,-0,0,1,5,Uganda,0,0.9404256004331667,IS
2020-04-19,23,0,83,214,731,Egypt,112,158.02801841707176,IS
2020-04-19,2,0,7,17,60,Senegal,17,12.823168104526896,IS
2020-04-19,22,0,79,204,694,South Africa,124,150.07894535967674,IS
2020-04-19,-0,-0,0,1,6,Uganda,0,1.0261537612872171,IS
2020-04-20,24,0,89,230,785,Egypt,189,169.72672215994396,IS
2020-04-20,2,0,8,21,72,Senegal,10,15.278390760959713,IS
2020-04-20,22,0,79,204,696,South Africa,142,150.5988485736919,IS
2020-04-20,-0,-0,0,1,5,Uganda,1,0.9497856870213875,IS
2020-04-21,26,0,95,244,830,Egypt,157,179.56600233442433,IS
2020-04-21,2,0,8,21,74,Senegal,35,15.711794527349944,IS
2020-04-21,25,0,91,234,798,South Africa,165,172.56667106216148,IS
2020-04-21,-0,-0,0,1,6,Uganda,5,1.033700634933401,IS
2020-04-22,27,0,98,252,857,Egypt,169,185.4099879755844,IS
2020-04-22,2,0,9,23,78,Senegal,30,16.640005001211033,IS
2020-04-22,25,0,91,236,802,South Africa,170,173.51757050086232,IS
2020-04-22,-0,-0,0,1,6,Uganda,2,1.0147905838879612,IS
2020-04-23,27,0,97,250,853,Egypt,232,184.4742159032919,IS
2020-04-23,2,0,9,23,79,Senegal,37,16.916990996844056,IS
2020-04-23,28,0,102,263,896,South Africa,318,193.86516783933575,IS
2020-04-23,0,-0,1,2,7,Uganda,11,1.3345511699227006,IS
2020-04-24,25,0,92,236,805,Egypt,201,174.04725950853043,IS
2020-04-24,2,0,9,25,85,Senegal,66,18.258993561186948,IS
2020-04-24,30,0,108,278,948,South Africa,267,204.99211065371026,IS
2020-04-24,0,-0,1,3,10,Uganda,1,1.9834293607396605,IS
2020-04-25,26,0,94,242,825,Egypt,227,178.44126652435736,IS
2020-04-25,3,0,13,33,112,Senegal,69,24.12336652690873,IS
2020-04-25,29,0,108,277,944,South Africa,141,204.24957977942134,IS
2020-04-25,0,-0,1,4,14,Uganda,0,2.8490342796386794,IS
2020-04-26,27,0,99,254,865,Egypt,215,187.2124609464271,IS
2020-04-26,4,0,17,44,152,Senegal,57,32.64138440428058,IS
2020-04-26,30,0,109,281,957,South Africa,185,207.00539113673915,IS
2020-04-26,0,-0,2,6,20,Uganda,4,4.034697614096128,IS
2020-04-27,30,0,110,284,969,Egypt,248,209.6152307142053,IS
2020-04-27,6,0,23,60,204,Senegal,65,43.9845591513116,IS
2020-04-27,35,0,126,325,1108,South Africa,247,239.7188163357231,IS
2020-04-27,0,-0,3,7,24,Uganda,0,5.069152162079984,IS
2020-04-28,33,0,122,314,1070,Egypt,260,231.50861623271533,IS
2020-04-28,8,0,31,81,275,Senegal,87,59.38936008778343,IS
2020-04-28,38,0,138,356,1213,South Africa,203,262.4629886350036,IS
2020-04-28,0,-0,3,7,25,Uganda,0,5.2117410298463955,IS
2020-04-29,37,0,134,346,1178,Egypt,226,254.9975205409261,IS
2020-04-29,9,0,34,89,303,Senegal,59,65.5001006364923,IS
2020-04-29,38,0,140,360,1225,South Africa,354,265.0678834368911,IS
2020-04-29,0,-0,2,6,22,Uganda,2,4.435568142092315,IS
2020-04-30,36,0,130,336,1143,Egypt,269,247.35447268135343,IS
2020-04-30,10,0,37,95,323,Senegal,51,69.69045514259017,IS
2020-04-30,38,0,139,359,1223,South Africa,297,264.6448521622639,IS
2020-04-30,0,-0,2,5,19,Uganda,2,3.8911738029114646,IS
2020-05-01,38,0,138,356,1212,Egypt,358,262.1854216712886,IS
2020-05-01,11,0,39,102,348,Senegal,91,75.12546214264003,IS
2020-05-01,36,0,131,337,1148,South Africa,304,248.4741951626638,IS
2020-05-01,0,-0,1,3,10,Uganda,2,2.033690362913798,IS
2020-05-02,37,0,134,345,1175,Egypt,298,254.25223780309892,IS
2020-05-02,11,0,41,107,364,Senegal,91,78.53424858324495,IS
2020-05-02,38,0,138,356,1212,South Africa,385,262.2624826848017,IS
2020-05-02,0,-0,1,3,11,Uganda,3,2.1069329472175475,IS
2020-05-03,39,0,142,367,1249,Egypt,272,270.30664932931785,IS
2020-05-03,12,0,43,111,379,Senegal,67,81.8766507371179,IS
2020-05-03,43,1,157,403,1372,South Africa,447,296.9704474175846,IS
2020-05-03,0,-0,1,3,12,Uganda,1,2.415402326423751,IS
2020-05-04,44,1,161,414,1408,Egypt,348,304.7425539913432,IS
2020-05-04,13,0,46,120,408,Senegal,89,88.13269762280471,IS
2020-05-04,48,1,175,450,1533,South Africa,437,331.7341081145496,IS
2020-05-04,0,-0,1,3,12,Uganda,8,2.2775203441411924,IS
2020-05-05,46,1,168,433,1473,Egypt,388,318.879141755405,IS
2020-05-05,13,0,49,126,428,Senegal,58,92.48029564558244,IS
2020-05-05,52,1,188,484,1648,South Africa,352,356.81497435600465,IS
2020-05-05,0,-0,1,4,14,Uganda,1,2.8763706395813524,IS
2020-05-06,47,1,170,438,1491,Egypt,387,322.6418564549568,IS
2020-05-06,13,0,48,125,425,Senegal,104,91.88516343109477,IS
2020-05-06,58,1,209,539,1834,South Africa,236,397.0454344750139,IS
2020-05-06,0,-0,2,5,17,Uganda,2,3.5354326130610785,IS
2020-05-07,50,1,184,473,1609,Egypt,393,348.3204388945373,IS
2020-05-07,14,0,52,134,456,Senegal,59,98.60996380616243,IS
2020-05-07,62,1,226,580,1976,South Africa,424,427.75624947832915,IS
2020-05-07,0,-0,2,5,19,Uganda,1,3.8097968172451937,IS
2020-05-08,55,1,199,511,1740,Egypt,495,376.6653572216495,IS
2020-05-08,15,0,55,141,481,Senegal,59,103.86785086221002,IS
2020-05-08,61,1,220,567,1931,South Africa,663,418.06369722368373,IS
2020-05-08,0,-0,2,6,20,Uganda,0,4.13147594676649,IS
2020-05-09,55,1,200,516,1755,Egypt,488,379.94096823396325,IS
2020-05-09,14,0,50,130,444,Senegal,83,95.82700395323145,IS
2020-05-09,62,1,225,580,1974,South Africa,525,427.4087604222145,IS
2020-05-09,0,-0,2,6,21,Uganda,15,4.262320182690214,IS
2020-05-10,61,1,224,576,1960,Egypt,436,424.2201995785979,IS
2020-05-10,14,0,50,129,440,Senegal,75,95.04536908395174,IS
2020-05-10,63,1,228,587,1998,South Africa,595,432.51744915624863,IS
2020-05-10,0,-0,2,6,20,Uganda,5,4.02556065999707,IS
2020-05-11,68,1,246,634,2158,Egypt,346,467.1763269749623,IS
2020-05-11,13,0,50,128,436,Senegal,177,94.13384816388158,IS
2020-05-11,64,1,232,597,2032,South Africa,637,439.8927885015721,IS
2020-05-11,0,-0,2,6,22,Uganda,0,4.439699410400539,IS
2020-05-12,68,1,248,637,2168,Egypt,347,469.44851320932383,IS
2020-05-12,13,0,48,123,418,Senegal,109,90.34194900063058,IS
2020-05-12,69,1,250,644,2193,South Africa,698,474.7071955967705,IS
2020-05-12,0,-0,2,6,21,Uganda,8,4.315578872943055,IS
2020-05-13,70,1,253,651,2216,Egypt,338,479.74792401560177,IS
2020-05-13,13,0,49,127,434,Senegal,110,93.80268226773869,IS
2020-05-13,79,1,288,742,2524,South Africa,724,546.5551140936859,IS
2020-05-13,1,-0,3,8,27,Uganda,10,5.546556125612084,IS
2020-05-14,73,1,267,687,2338,Egypt,398,506.1947158538381,IS
2020-05-14,14,0,52,134,457,Senegal,84,98.66863123558758,IS
2020-05-14,90,2,325,837,2849,South Africa,665,616.7439299513177,IS
2020-05-14,1,0,3,9,32,Uganda,21,6.593060510534546,IS
2020-05-15,74,1,268,689,2345,Egypt,399,507.59989966268114,IS
2020-05-15,17,0,62,160,546,Senegal,121,118.07253654232609,IS
2020-05-15,97,2,352,906,3084,South Africa,785,667.6808410928268,IS
2020-05-15,1,0,4,11,37,Uganda,43,7.694224505022426,IS
2020-05-16,62,1,227,583,1985,Egypt,491,429.6431561784186,IS
2020-05-16,19,0,70,180,613,Senegal,119,132.4519827094137,IS
2020-05-16,99,2,359,924,3147,South Africa,831,681.380770017747,IS
2020-05-16,1,0,5,13,45,Uganda,24,9.582119322299997,IS
2020-05-17,61,1,220,566,1928,Egypt,510,417.4116583631378,IS
2020-05-17,19,0,68,176,599,Senegal,51,129.52079206909028,IS
2020-05-17,106,2,386,993,3381,South Africa,1160,732.0413117233679,IS
2020-05-17,1,0,6,15,53,Uganda,0,11.294926728493554,IS
2020-05-18,62,1,225,580,1973,Egypt,535,427.1645106673054,IS
2020-05-18,18,0,68,174,594,Senegal,64,128.44300736799775,IS
2020-05-18,114,2,414,1066,3628,South Africa,918,785.5840337198975,IS
2020-05-18,2,0,9,23,77,Uganda,21,16.54204468137088,IS
2020-05-19,70,1,254,654,2227,Egypt,720,482.1476149177346,IS
2020-05-19,17,0,62,159,543,Senegal,73,117.39665514194891,IS
2020-05-19,120,2,437,1123,3823,South Africa,767,827.8665053445288,IS
2020-05-19,3,0,11,30,103,Uganda,12,22.018737007916997,IS
2020-05-20,79,1,287,738,2512,Egypt,745,543.9179944987552,IS
2020-05-20,17,0,62,159,543,Senegal,97,117.4772822268944,IS
2020-05-20,130,2,472,1215,4134,South Africa,803,895.1805930619015,IS
2020-05-20,3,0,13,33,114,Uganda,4,24.419996320498925,IS
2020-05-21,86,1,313,806,2745,Egypt,774,594.4001759724015,IS
2020-05-21,15,0,56,145,495,Senegal,98,107.00481132488794,IS
2020-05-21,135,2,489,1257,4278,South Africa,1134,926.2656964837328,IS
2020-05-21,3,0,13,33,113,Uganda,0,24.162075640805398,IS
2020-05-22,94,2,343,882,3002,Egypt,783,650.0293570636585,IS
2020-05-22,15,0,54,138,471,Senegal,97,101.70875128677952,IS
2020-05-22,142,3,517,1329,4525,South Africa,988,979.7790682071047,IS
2020-05-22,3,0,11,28,97,Uganda,15,20.75541135834764,IS
2020-05-23,113,2,410,1054,3588,Egypt,727,776.8751327479697,IS
2020-05-23,14,0,50,129,441,Senegal,67,95.21431165032119,IS
2020-05-23,147,3,532,1370,4662,South Africa,1218,1009.438318255855,IS
2020-05-23,2,0,7,19,66,Uganda,23,14.082943765982112,IS
2020-05-24,127,2,462,1189,4047,Egypt,752,876.4295900586914,IS
2020-05-24,13,0,48,123,420,Senegal,71,90.83162811680855,IS
2020-05-24,146,3,529,1360,4629,South Africa,1240,1002.388948526237,IS
2020-05-24,1,0,6,15,53,Uganda,0,11.335825625036025,IS
2020-05-25,138,3,500,1285,4375,Egypt,702,947.2695535303217,IS
2020-05-25,14,0,52,133,455,Senegal,83,98.27792183864281,IS
2020-05-25,147,3,535,1376,4683,South Africa,1032,1013.9918048282738,IS
2020-05-25,2,0,6,17,58,Uganda,24,12.377774722257186,IS
2020-05-26,150,3,545,1401,4770,Egypt,789,1032.9791301400764,IS
2020-05-26,14,0,52,134,457,Senegal,31,98.73851600153927,IS
2020-05-26,156,3,568,1461,4972,South Africa,649,1076.767477558183,IS
2020-05-26,1,0,6,15,52,Uganda,31,10.997623057350626,IS
2020-05-27,157,3,570,1467,4995,Egypt,910,1081.6459238725074,IS
2020-05-27,14,0,52,135,460,Senegal,92,99.32622418360903,IS
2020-05-27,170,3,616,1584,5391,South Africa,1673,1167.4489303318226,IS
2020-05-27,2,0,6,17,58,Uganda,28,12.386026261498358,IS
2020-05-28,146,3,529,1361,4632,Egypt,1127,1003.034521046203,IS
2020-05-28,13,0,48,124,422,Senegal,95,91.23695093670815,IS
2020-05-28,174,3,632,1627,5537,South Africa,1466,1199.0429123452932,IS
2020-05-28,2,0,8,22,74,Uganda,36,15.815502949062592,IS
2020-05-29,129,2,469,1205,4103,Egypt,1289,888.509682189575,IS
2020-05-29,12,0,44,115,392,Senegal,81,84.5855375227537,IS
2020-05-29,173,3,628,1616,5499,South Africa,1837,1190.8919141089598,IS
2020-05-29,3,0,11,28,97,Uganda,12,20.729631963414107,IS
2020-05-30,131,2,475,1222,4160,Egypt,1367,900.8717206170019,IS
2020-05-30,11,0,42,107,366,Senegal,106,78.97742639060378,IS
2020-05-30,180,3,654,1681,5723,South Africa,1727,1239.2990169290356,IS
2020-05-30,3,0,12,32,111,Uganda,84,23.728585888986476,IS
2020-05-31,143,3,520,1337,4551,Egypt,1536,985.4140012956526,IS
2020-05-31,11,0,42,108,369,Senegal,110,79.7824677520694,IS
2020-05-31,192,4,695,1788,6086,South Africa,1716,1317.9666002129804,IS
2020-05-31,4,0,14,37,125,Uganda,4,26.87270834604661,IS
2020-06-01,149,3,542,1395,4749,Egypt,1399,1028.3355190581412,IS
2020-06-01,12,0,45,117,399,Senegal,94,86.13881452709117,IS
2020-06-01,219,4,795,2045,6959,South Africa,1674,1507.1578613082374,IS
2020-06-01,5,0,18,46,158,Uganda,40,34.07945838892565,IS
2020-06-02,173,3,627,1613,5491,Egypt,1152,1189.0563897345885,IS
2020-06-02,13,0,49,127,432,Senegal,97,93.43827415970529,IS
2020-06-02,234,5,848,2182,7426,South Africa,1455,1608.215099693025,IS
2020-06-02,5,0,19,49,168,Uganda,32,36.25532319710616,IS
2020-06-03,189,4,685,1761,5993,Egypt,1079,1297.8736296634308,IS
2020-06-03,15,0,56,145,493,Senegal,96,106.46269108623815,IS
2020-06-03,252,5,915,2354,8012,South Africa,1713,1735.0830194531645,IS
2020-06-03,5,0,20,52,176,Uganda,18,37.949223021162084,IS
2020-06-04,205,4,742,1909,6498,Egypt,1152,1407.2195897610356,IS
2020-06-04,15,0,57,146,499,Senegal,89,107.86189448511323,IS
2020-06-04,259,5,939,2414,8216,South Africa,3267,1779.3406411402802,IS
2020-06-04,5,0,20,53,181,Uganda,15,38.99636513320047,IS
2020-06-05,209,4,757,1948,6629,Egypt,1348,1435.63665717971,IS
2020-06-05,16,0,59,153,520,Senegal,134,112.4990179842312,IS
2020-06-05,274,5,994,2555,8698,South Africa,2642,1883.6420287225578,IS
2020-06-05,5,0,20,51,174,Uganda,35,37.3655606010608,IS
2020-06-06,204,4,741,1907,6490,Egypt,1497,1405.5097453223655,IS
2020-06-06,16,0,59,152,519,Senegal,94,112.15656736978337,IS
2020-06-06,272,5,988,2541,8648,South Africa,2539,1872.883455406121,IS
2020-06-06,5,0,20,51,175,Uganda,36,37.71862851377232,IS
2020-06-07,202,4,734,1887,6424,Egypt,1467,1391.2106982305068,IS
2020-06-07,16,0,58,149,507,Senegal,79,109.63273042716182,IS
2020-06-07,299,6,1083,2785,9479,South Africa,2312,2052.885469344779,IS
2020-06-07,4,0,14,37,128,Uganda,23,27.463165808712013,IS
2020-06-08,206,4,747,1922,6541,Egypt,1365,1416.594076028144,IS
2020-06-08,15,0,57,146,499,Senegal,99,107.81626071679165,IS
2020-06-08,336,7,1219,3135,10670,South Africa,2594,2310.842825464773,IS
2020-06-08,4,0,16,42,144,Uganda,30,30.887235329124742,IS
2020-06-09,196,4,710,1827,6218,Egypt,1385,1346.5458895428474,IS
2020-06-09,16,0,60,156,530,Senegal,89,114.59454194797668,IS
2020-06-09,373,7,1352,3477,11833,South Africa,2112,2562.8427406699097,IS
2020-06-09,4,0,15,40,136,Uganda,11,29.189138719987834,IS
2020-06-10,205,4,745,1917,6523,Egypt,1455,1412.6864638357015,IS
2020-06-10,17,0,61,158,538,Senegal,124,116.37013385301127,IS
2020-06-10,400,8,1452,3734,12709,South Africa,2430,2752.474986275633,IS
2020-06-10,4,0,15,40,137,Uganda,8,29.43399595115856,IS
2020-06-11,217,4,787,2024,6889,Egypt,1442,1491.803606773015,IS
2020-06-11,16,0,61,156,532,Senegal,119,115.07398316128416,IS
2020-06-11,408,8,1478,3801,12935,South Africa,3147,2801.41226585326,IS
2020-06-11,4,0,16,42,143,Uganda,14,30.65530116096674,IS
2020-06-12,223,4,809,2081,7082,Egypt,1577,1533.7590225655797,IS
2020-06-12,16,0,59,152,517,Senegal,92,111.79228843726384,IS
2020-06-12,376,8,1365,3510,11946,South Africa,3359,2587.2910405350663,IS
2020-06-12,4,0,16,41,142,Uganda,7,30.44588675593444,IS
2020-06-13,233,5,847,2179,7415,Egypt,1677,1605.90321488955,IS
2020-06-13,15,0,56,144,492,Senegal,145,106.38903455611998,IS
2020-06-13,374,7,1355,3486,11863,South Africa,3809,2569.1931769859093,IS
2020-06-13,3,0,13,35,118,Uganda,8,25.427407819033846,IS
2020-06-14,241,5,875,2250,7657,Egypt,1618,1658.272761148065,IS
2020-06-14,15,0,56,145,493,Senegal,94,106.45456030342841,IS
2020-06-14,388,8,1405,3614,12300,South Africa,4302,2663.949311601646,IS
2020-06-14,3,0,10,27,93,Uganda,2,19.90274582651318,IS
2020-06-15,221,4,802,2063,7022,Egypt,1691,1520.7238144244388,IS
2020-06-15,16,0,59,151,516,Senegal,83,111.57373292603631,IS
2020-06-15,419,8,1521,3912,13315,South Africa,3495,2883.71899078218,IS
2020-06-15,2,0,8,22,76,Uganda,9,16.272801101183635,IS
2020-06-16,230,4,833,2143,7295,Egypt,1567,1579.8940959586014,IS
2020-06-16,16,0,61,156,532,Senegal,74,115.09990021252254,IS
2020-06-16,463,9,1678,4316,14690,South Africa,2801,3181.6297762623353,IS
2020-06-16,1,0,6,17,57,Uganda,19,12.12135553278602,IS
2020-06-17,253,5,919,2363,8041,Egypt,1363,1741.4932031379508,IS
2020-06-17,17,0,63,162,552,Senegal,122,119.25403925118819,IS
2020-06-17,544,11,1972,5070,17256,South Africa,4078,3737.286151439499,IS
2020-06-17,1,0,6,15,53,Uganda,8,11.320260022805304,IS
2020-06-18,259,5,938,2414,8215,Egypt,1218,1779.1910454557358,IS
2020-06-18,16,0,60,156,531,Senegal,106,114.82567120680228,IS
2020-06-18,572,12,2075,5337,18163,South Africa,3478,3933.798342245201,IS
2020-06-18,1,0,6,15,53,Uganda,9,11.250796889986377,IS
2020-06-19,272,5,987,2539,8640,Egypt,1774,1871.1966431218386,IS
2020-06-19,15,0,55,143,486,Senegal,164,104.99999400264929,IS
2020-06-19,536,11,1944,4999,17012,South Africa,3825,3684.497849197517,IS
2020-06-19,1,0,6,16,54,Uganda,14,11.450023665094005,IS
2020-06-20,260,5,943,2425,8255,Egypt,1547,1787.780566282422,IS
2020-06-20,15,0,55,142,483,Senegal,144,104.35975674759199,IS
2020-06-20,532,11,1928,4957,16872,South Africa,4966,3654.2253931996506,IS
2020-06-20,2,0,7,17,60,Uganda,8,12.742412319201133,IS
2020-06-21,235,5,853,2195,7471,Egypt,1475,1618.0112619477463,IS
2020-06-21,15,0,55,142,485,Senegal,105,104.78543227613362,IS
2020-06-21,530,11,1923,4945,16829,South Africa,4621,3644.832318102596,IS
2020-06-21,2,0,7,19,65,Uganda,7,13.844754921095953,IS
2020-06-22,232,5,841,2164,7364,Egypt,1576,1594.7052217567702,IS
2020-06-22,16,0,59,152,518,Senegal,82,111.87579385598715,IS
2020-06-22,533,11,1932,4967,16906,South Africa,4288,3661.45658847664,IS
2020-06-22,2,0,8,21,72,Uganda,4,15.335385593302853,IS
2020-06-23,241,5,875,2251,7661,Egypt,1332,1659.0657932371573,IS
2020-06-23,18,0,66,171,582,Senegal,64,125.75051494582499,IS
2020-06-23,550,11,1994,5129,17455,South Africa,4518,3780.4689496964093,IS
2020-06-23,2,0,8,21,71,Uganda,23,15.168340628629725,IS
2020-06-24,248,5,900,2315,7879,Egypt,1420,1706.3208701223127,IS
2020-06-24,19,0,71,184,628,Senegal,95,135.70305775478232,IS
2020-06-24,593,12,2149,5526,18806,South Africa,5688,4073.115079461341,IS
2020-06-24,2,0,7,18,64,Uganda,8,13.552697972168417,IS
2020-06-25,226,4,820,2108,7176,Egypt,1569,1554.1283002012972,IS
2020-06-25,18,0,67,174,591,Senegal,104,127.86302489168969,IS
2020-06-25,622,13,2257,5804,19753,South Africa,6579,4278.246932186841,IS
2020-06-25,2,0,7,19,65,Uganda,16,13.832005457615514,IS
2020-06-26,231,4,837,2154,7330,Egypt,1625,1587.5008220707748,IS
2020-06-26,16,0,60,155,529,Senegal,121,114.44467638965925,IS
2020-06-26,671,14,2433,6257,21293,South Africa,6215,4611.83541531486,IS
2020-06-26,2,0,7,19,66,Uganda,12,14.15071169737939,IS
2020-06-27,227,4,823,2118,7208,Egypt,1168,1560.9085801160884,IS
2020-06-27,14,0,53,136,463,Senegal,105,99.98087916319025,IS
2020-06-27,719,15,2606,6702,22809,South Africa,7210,4940.014069213291,IS
2020-06-27,2,0,7,20,67,Uganda,15,14.347793662608208,IS
2020-06-28,246,5,894,2299,7825,Egypt,1265,1694.703388287969,IS
2020-06-28,13,0,49,127,434,Senegal,127,93.74193492515701,IS
2020-06-28,770,16,2791,7178,24428,South Africa,6334,5290.898598395011,IS
2020-06-28,2,0,8,22,75,Uganda,11,15.91855584864432,IS
2020-06-29,234,5,848,2180,7419,Egypt,1566,1606.7696545704034,IS
2020-06-29,14,0,52,133,454,Senegal,112,98.09095900333699,IS
2020-06-29,827,17,2997,7708,26234,South Africa,6130,5681.967070730124,IS
2020-06-29,2,0,9,24,82,Uganda,11,17.61600279823581,IS
2020-06-30,228,4,828,2130,7249,Egypt,1557,1569.9267718832577,IS
2020-06-30,15,0,54,138,471,Senegal,95,101.80865904653092,IS
2020-06-30,907,19,3289,8457,28781,South Africa,6945,6233.679306074779,IS
2020-06-30,3,0,10,26,90,Uganda,19,19.363347322759445,IS
2020-07-01,222,4,806,2073,7055,Egypt,1503,1527.9006270627153,IS
2020-07-01,16,0,59,152,517,Senegal,132,111.82558076364083,IS
2020-07-01,983,20,3563,9162,31180,South Africa,8124,6753.1568334950325,IS
2020-07-01,2,0,9,24,84,Uganda,4,17.91038745892969,IS
2020-07-02,212,4,771,1982,6745,Egypt,1485,1460.764310251164,IS
2020-07-02,17,0,62,159,543,Senegal,129,117.41608244043088,IS
2020-07-02,1000,20,3624,9320,31719,South Africa,8728,6870.103746585175,IS
2020-07-02,2,0,10,25,87,Uganda,9,18.56748415372474,IS
2020-07-03,209,4,759,1951,6642,Egypt,1412,1438.3015982173076,IS
2020-07-03,17,0,62,159,541,Senegal,110,116.96931402738211,IS
2020-07-03,1009,21,3658,9408,32018,South Africa,9063,6934.791406595971,IS
2020-07-03,2,0,9,24,83,Uganda,9,17.80318390171235,IS
2020-07-04,212,4,771,1982,6746,Egypt,1324,1460.9677334025532,IS
2020-07-04,17,0,61,157,535,Senegal,108,115.61335546806869,IS
2020-07-04,1070,22,3878,9973,33940,South Africa,10853,7351.053495324697,IS
2020-07-04,2,0,9,24,81,Uganda,16,17.405450135624243,IS
2020-07-05,222,4,804,2068,7038,Egypt,1218,1524.173864925023,IS
2020-07-05,17,0,62,161,547,Senegal,128,118.32279562289037,IS
2020-07-05,1123,23,4073,10473,35642,South Africa,8773,7719.741097577679,IS
2020-07-05,2,0,9,22,77,Uganda,12,16.401412761518834,IS
2020-07-06,227,4,825,2122,7222,Egypt,969,1564.0655243835504,IS
2020-07-06,17,0,61,158,539,Senegal,78,116.44619848572843,IS
2020-07-06,1171,24,4246,10919,37161,South Africa,8971,8048.806952118511,IS
2020-07-06,2,0,8,22,76,Uganda,14,16.28183560112529,IS
2020-07-07,226,4,819,2108,7174,Egypt,1057,1553.5306069339897,IS
2020-07-07,16,0,61,156,532,Senegal,69,114.951795125079,IS
2020-07-07,1288,26,4669,12005,40858,South Africa,10134,8849.43746038888,IS
2020-07-07,2,0,9,23,77,Uganda,18,16.517680264496722,IS
2020-07-08,209,4,757,1946,6624,Egypt,1025,1434.4592510923146,IS
2020-07-08,17,0,61,157,536,Senegal,110,115.90000079465186,IS
2020-07-08,1360,28,4929,12675,43137,South Africa,8810,9342.999302080996,IS
2020-07-08,2,0,8,22,76,Uganda,6,16.224361216907454,IS
2020-07-09,199,4,720,1853,6306,Egypt,950,1365.584197968319,IS
2020-07-09,15,0,56,144,492,Senegal,127,106.22299498395178,IS
2020-07-09,1435,29,5201,13374,45514,South Africa,13674,9857.974541342526,IS
2020-07-09,2,0,10,25,86,Uganda,23,18.437850124185815,IS
2020-07-10,183,4,666,1713,5829,Egypt,981,1262.3129252581004,IS
2020-07-10,14,0,53,136,465,Senegal,98,100.43981252412891,IS
2020-07-10,1466,30,5314,13666,46509,South Africa,12348,10073.49030839913,IS
2020-07-10,3,0,10,27,92,Uganda,6,19.720483089342927,IS
2020-07-11,168,3,611,1571,5347,Egypt,923,1157.8158306870002,IS
2020-07-11,14,0,51,132,449,Senegal,132,97.03574185216755,IS
2020-07-11,1478,30,5357,13775,46879,South Africa,13497,10153.643142411967,IS
2020-07-11,3,0,11,28,97,Uganda,7,20.717726997241353,IS
2020-07-12,159,3,579,1489,5068,Egypt,912,1097.4270262667433,IS
2020-07-12,14,0,50,130,443,Senegal,121,95.81612436896039,IS
2020-07-12,1559,32,5651,14532,49457,South Africa,12058,10711.93952860466,IS
2020-07-12,3,0,11,28,95,Uganda,12,20.37616921819417,IS
2020-07-13,158,3,574,1477,5027,Egypt,931,1088.5796478229586,IS
2020-07-13,14,0,50,129,441,Senegal,63,95.2902972207426,IS
2020-07-13,1710,35,6200,15944,54261,South Africa,11554,11752.50800240528,IS
2020-07-13,3,0,11,28,96,Uganda,4,20.503374705950343,IS
2020-07-14,153,3,557,1432,4875,Egypt,929,1055.56557839372,IS
2020-07-14,15,0,54,140,478,Senegal,45,103.30899922556375,IS
2020-07-14,1868,38,6772,17414,59263,South Africa,10496,12836.02033207572,IS
2020-07-14,3,0,10,27,92,Uganda,11,19.616523514367305,IS
2020-07-15,140,3,509,1309,4457,Egypt,913,965.0376782823652,IS
2020-07-15,16,0,59,151,516,Senegal,126,111.48380107001515,IS
2020-07-15,1836,38,6655,17113,58239,South Africa,12757,12614.062720252572,IS
2020-07-15,2,0,9,24,83,Uganda,3,17.851319493982103,IS
2020-07-16,135,2,489,1257,4279,Egypt,928,926.5276815022137,IS
2020-07-16,15,0,56,144,491,Senegal,112,106.2037598619916,IS
2020-07-16,1979,41,7174,18449,62787,South Africa,13172,13599.188575220227,IS
2020-07-16,2,0,9,24,83,Uganda,8,17.636725367018624,IS
2020-07-17,133,2,484,1246,4241,Egypt,703,918.3128919960457,IS
2020-07-17,14,0,51,131,446,Senegal,63,96.2704751748077,IS
2020-07-17,1942,40,7041,18106,61620,South Africa,13373,13346.477611258237,IS
2020-07-17,2,0,7,19,64,Uganda,5,13.650320323218928,IS
2020-07-18,136,3,494,1270,4322,Egypt,698,935.8359128453247,IS
2020-07-18,13,0,48,124,422,Senegal,125,91.2081645069997,IS
2020-07-18,1867,38,6768,17403,59228,South Africa,13285,12828.398612900573,IS
2020-07-18,2,0,7,19,64,Uganda,6,13.590519017319998,IS
2020-07-19,132,2,481,1236,4208,Egypt,603,911.2974977427498,IS
2020-07-19,12,0,45,117,398,Senegal,141,85.98605113311397,IS
2020-07-19,1795,37,6506,16732,56943,South Africa,13449,12333.355911531165,IS
2020-07-19,2,0,7,18,62,Uganda,3,13.263107235505554,IS
2020-07-20,130,2,471,1211,4122,Egypt,627,892.6380440766443,IS
2020-07-20,12,0,43,110,376,Senegal,138,81.17337223195948,IS
2020-07-20,1953,40,7079,18204,61952,South Africa,9300,13418.338381867086,IS
2020-07-20,2,0,6,17,58,Uganda,4,12.350461700408733,IS
2020-07-21,124,2,450,1158,3943,Egypt,676,853.7565190651167,IS
2020-07-21,13,0,48,125,425,Senegal,37,91.85222127445832,IS
2020-07-21,1927,40,6987,17967,61145,South Africa,8170,13243.638646536729,IS
2020-07-21,2,0,7,17,60,Uganda,3,12.664660890166825,IS
2020-07-22,113,2,411,1058,3602,Egypt,667,779.9256630441487,IS
2020-07-22,15,0,55,142,483,Senegal,136,104.37524103825224,IS
2020-07-22,1909,39,6920,17794,60559,South Africa,13150,13116.658960866975,IS
2020-07-22,1,0,6,16,55,Uganda,3,11.723461930428517,IS
2020-07-23,105,2,380,977,3325,Egypt,668,719.9220016842803,IS
2020-07-23,15,0,55,142,484,Senegal,145,104.55036871146542,IS
2020-07-23,1885,39,6831,17567,59784,South Africa,13104,12948.734888857669,IS
2020-07-23,1,0,6,16,55,Uganda,4,11.61317534901147,IS
2020-07-24,97,2,354,910,3097,Egypt,659,670.6182512308989,IS
2020-07-24,14,0,50,130,442,Senegal,156,95.50103704531354,IS
2020-07-24,1866,38,6764,17394,59196,South Africa,13944,12821.337047974162,IS
2020-07-24,1,0,5,14,48,Uganda,10,10.269678131425104,IS
2020-07-25,97,2,353,909,3095,Egypt,511,670.1755569248029,IS
2020-07-25,14,0,53,136,465,Senegal,130,100.46638030003872,IS
2020-07-25,1820,37,6596,16961,57722,South Africa,12204,12502.147653866507,IS
2020-07-25,1,0,5,14,47,Uganda,14,9.878921824730067,IS
2020-07-26,96,2,347,894,3042,Egypt,479,658.6738196382577,IS
2020-07-26,14,0,51,131,445,Senegal,129,96.22033124388417,IS
2020-07-26,1786,37,6473,16645,56648,South Africa,11233,12269.600794045606,IS
2020-07-26,1,0,5,13,46,Uganda,12,9.810737986952716,IS
2020-07-27,96,2,350,901,3066,Egypt,420,663.8064679712885,IS
2020-07-27,14,0,53,136,465,Senegal,83,100.47006354636363,IS
2020-07-27,1775,36,6432,16541,56293,South Africa,7096,12192.721766999686,IS
2020-07-27,1,0,6,15,52,Uganda,13,11.005289815351196,IS
2020-07-28,95,2,344,885,3012,Egypt,465,652.1140938452647,IS
2020-07-28,16,0,58,151,514,Senegal,41,111.02482171980647,IS
2020-07-28,1918,39,6951,17875,60834,South Africa,7232,13176.22343950948,IS
2020-07-28,2,0,7,18,61,Uganda,7,12.889526374965097,IS
2020-07-29,87,1,315,811,2760,Egypt,409,597.4950728245873,IS
2020-07-29,16,0,60,154,525,Senegal,156,113.37403459638344,IS
2020-07-29,1945,40,7052,18133,61712,South Africa,11362,13366.42821195217,IS
2020-07-29,2,0,8,21,72,Uganda,5,15.274740006151482,IS
2020-07-30,80,1,289,745,2535,Egypt,401,548.8606826205084,IS
2020-07-30,15,0,56,146,496,Senegal,145,107.26703202995363,IS
2020-07-30,1795,37,6508,16736,56958,South Africa,11046,12336.638794716097,IS
2020-07-30,2,0,9,23,79,Uganda,7,16.820981577599504,IS
2020-07-31,75,1,273,702,2391,Egypt,321,517.7256102668657,IS
2020-07-31,14,0,52,133,454,Senegal,126,98.02044802282438,IS
2020-07-31,1621,33,5875,15108,51417,South Africa,11014,11136.523826279583,IS
2020-07-31,2,0,9,24,81,Uganda,7,17.26736994128436,IS
2020-08-01,69,1,251,646,2200,Egypt,238,476.3661878442702,IS
2020-08-01,13,0,47,121,412,Senegal,52,88.91955326896425,IS
2020-08-01,1480,30,5367,13800,46966,South Africa,10107,10172.504207506721,IS
2020-08-01,2,0,8,22,77,Uganda,22,16.365276974613174,IS
2020-08-02,64,1,235,604,2055,Egypt,167,444.88471385458786,IS
2020-08-02,13,0,46,119,406,Senegal,60,87.7751084381848,IS
2020-08-02,1460,30,5292,13608,46311,South Africa,8195,10030.590295535034,IS
2020-08-02,2,0,8,20,69,Uganda,6,14.807248683435787,IS
2020-08-03,60,1,217,558,1898,Egypt,157,410.91495314221623,IS
2020-08-03,13,0,48,123,421,Senegal,42,90.89743287850463,IS
2020-08-03,1433,29,5193,13354,45448,South Africa,5377,9843.65667504407,IS
2020-08-03,2,0,7,19,64,Uganda,13,13.641940806253755,IS
2020-08-04,54,1,198,510,1735,Egypt,112,375.51758064727204,IS
2020-08-04,13,0,49,127,432,Senegal,46,93.23484218708505,IS
2020-08-04,1520,31,5510,14170,48224,South Africa,4456,10444.843573085363,IS
2020-08-04,2,0,7,19,66,Uganda,8,14.027090172662241,IS
2020-08-05,46,1,169,436,1484,Egypt,123,321.2049964193483,IS
2020-08-05,13,0,49,126,430,Senegal,106,92.92883307543921,IS
2020-08-05,1562,32,5661,14557,49542,South Africa,8559,10730.346538396567,IS
2020-08-05,2,0,8,21,72,Uganda,10,15.343890335489473,IS
2020-08-06,38,0,140,360,1227,Egypt,131,265.5449301114985,IS
2020-08-06,10,0,38,99,338,Senegal,177,72.94311005731251,IS
2020-08-06,1449,30,5253,13509,45973,South Africa,8307,9957.462217362136,IS
2020-08-06,2,0,9,22,77,Uganda,10,16.487901339870827,IS
2020-08-07,30,0,111,285,971,Egypt,141,210.1183924175687,IS
2020-08-07,8,0,31,80,271,Senegal,172,58.52405433509116,IS
2020-08-07,1268,26,4598,11824,40242,South Africa,7292,8716.056257403272,IS
2020-08-07,2,0,9,23,78,Uganda,31,16.621059304039857,IS
2020-08-08,25,0,92,237,807,Egypt,167,174.48777457084103,IS
2020-08-08,8,0,28,74,251,Senegal,116,54.16148298937846,IS
2020-08-08,1150,24,4169,10720,36483,South Africa,7712,7901.92523066156,IS
2020-08-08,2,0,9,23,77,Uganda,13,16.551888247692762,IS
2020-08-09,22,0,80,206,701,Egypt,178,151.5096578397243,IS
2020-08-09,10,0,36,93,317,Senegal,172,68.45049986820587,IS
2020-08-09,1103,23,3998,10281,34991,South Africa,6671,7578.654430430551,IS
2020-08-09,2,0,8,21,72,Uganda,16,15.365676233478224,IS
2020-08-10,21,0,77,199,678,Egypt,174,146.51687247469866,IS
2020-08-10,12,0,46,118,404,Senegal,137,87.18447652615126,IS
2020-08-10,1109,23,4019,10335,35175,South Africa,3739,7618.468098344764,IS
2020-08-10,2,0,9,24,84,Uganda,14,17.96166621487576,IS
2020-08-11,21,0,79,203,691,Egypt,168,149.41772393824397,IS
2020-08-11,16,0,57,147,503,Senegal,68,108.62746498299727,IS
2020-08-11,1178,24,4269,10977,37360,South Africa,2511,8091.718322550597,IS
2020-08-11,3,0,10,27,92,Uganda,16,19.623509745814847,IS
2020-08-12,23,0,84,216,737,Egypt,129,159.41353889857297,IS
2020-08-12,18,0,66,170,580,Senegal,207,125.44964581399056,IS
2020-08-12,1179,24,4273,10988,37395,South Africa,2810,8099.3350290149765,IS
2020-08-12,3,0,11,29,101,Uganda,19,21.636241518567893,IS
2020-08-13,25,0,90,231,788,Egypt,145,170.49727732164777,IS
2020-08-13,18,0,66,170,579,Senegal,153,125.23747050377962,IS
2020-08-13,1049,21,3803,9781,33287,South Africa,3946,7209.6929628382995,IS
2020-08-13,3,0,12,30,103,Uganda,21,22.101708260548143,IS
2020-08-14,26,0,94,243,829,Egypt,112,179.28483934425319,IS
2020-08-14,18,0,67,173,589,Senegal,132,127.27772657337961,IS
2020-08-14,861,18,3122,8029,27326,South Africa,6275,5918.529452914113,IS
2020-08-14,3,0,12,30,103,Uganda,32,22.149098600267244,IS
2020-08-15,26,0,94,243,826,Egypt,116,178.74507382616287,IS
2020-08-15,18,0,65,166,567,Senegal,160,122.56072689639332,IS
2020-08-15,735,15,2664,6851,23315,South Africa,4513,5049.723922784954,IS
2020-08-15,3,0,10,27,92,Uganda,49,19.794047914325194,IS
2020-08-16,24,0,88,228,775,Egypt,139,167.6738140256766,IS
2020-08-16,18,0,66,171,584,Senegal,130,126.19461592974837,IS
2020-08-16,649,13,2353,6050,20590,South Africa,3692,4459.5041000351175,IS
2020-08-16,3,0,12,30,103,Uganda,66,22.115767807969387,IS
2020-08-17,23,0,84,216,734,Egypt,115,158.82061783593184,IS
2020-08-17,19,0,68,176,599,Senegal,75,129.44846371200003,IS
2020-08-17,581,12,2105,5413,18422,South Africa,2541,3989.956627427617,IS
2020-08-17,4,0,14,36,123,Uganda,60,26.32771774878354,IS
2020-08-18,21,0,76,196,668,Egypt,163,144.54591502794162,IS
2020-08-18,19,0,69,177,603,Senegal,68,130.3435568389379,IS
2020-08-18,633,13,2293,5898,20072,South Africa,2258,4347.311882739679,IS
2020-08-18,5,0,17,45,154,Uganda,43,33.087029179304864,IS
2020-08-19,20,0,72,186,634,Egypt,161,137.12650519321662,IS
2020-08-19,20,0,72,187,637,Senegal,141,137.6403832831002,IS
2020-08-19,699,14,2534,6517,22180,South Africa,3916,4803.966684923875,IS
2020-08-19,6,0,22,57,194,Uganda,53,41.71452028479229,IS
2020-08-20,20,0,73,187,637,Egypt,111,137.69532158668983,IS
2020-08-20,17,0,63,161,550,Senegal,113,118.9674875569378,IS
2020-08-20,704,14,2554,6567,22350,South Africa,3880,4840.664668839734,IS
2020-08-20,7,0,26,68,233,Uganda,94,50.13836115363072,IS
2020-08-21,20,0,74,190,646,Egypt,123,139.77370699139564,IS
2020-08-21,15,0,56,144,491,Senegal,130,106.12387475103587,IS
2020-08-21,628,13,2276,5854,19922,South Africa,3398,4314.746235908112,IS
2020-08-21,8,0,30,78,265,Uganda,98,57.25980574267595,IS
2020-08-22,21,0,78,200,683,Egypt,89,147.65028291810052,IS
2020-08-22,14,0,52,134,456,Senegal,161,98.4743568190017,IS
2020-08-22,562,11,2039,5243,17844,South Africa,3707,3864.694151195612,IS
2020-08-22,9,0,33,86,292,Uganda,318,62.94744778542666,IS
2020-08-23,22,0,80,207,705,Egypt,103,152.5155239235865,IS
2020-08-23,13,0,48,125,426,Senegal,99,92.0398397018402,IS
2020-08-23,505,10,1829,4705,16012,South Africa,2728,3467.816705544187,IS
2020-08-23,10,0,37,95,325,Uganda,97,70.2177551733767,IS
2020-08-24,21,0,78,202,687,Egypt,138,148.4668093623498,IS
2020-08-24,14,0,50,129,441,Senegal,64,95.35750446172888,IS
2020-08-24,499,10,1810,4655,15842,South Africa,1677,3431.059211951654,IS
2020-08-24,12,0,45,117,398,Uganda,99,85.99918494039154,IS
2020-08-25,20,0,74,191,650,Egypt,141,140.5446064805026,IS
2020-08-25,15,0,56,145,493,Senegal,43,106.6339107318164,IS
2020-08-25,522,11,1892,4866,16560,South Africa,1567,3586.7101159792333,IS
2020-08-25,16,0,59,152,518,Uganda,64,112.05667091164877,IS
2020-08-26,18,0,68,175,596,Egypt,206,128.80548798467956,IS
2020-08-26,16,0,59,152,519,Senegal,130,112.19002295704912,IS
2020-08-26,521,10,1888,4854,16521,South Africa,2684,3578.0757609555094,IS
2020-08-26,20,0,74,190,648,Uganda,98,140.2138505170633,IS
2020-08-27,18,0,65,167,568,Egypt,237,122.72666969863246,IS
2020-08-27,15,0,57,146,498,Senegal,108,107.69975656977944,IS
2020-08-27,473,9,1714,4408,15004,South Africa,2585,3249.475185342079,IS
2020-08-27,22,0,82,212,723,Uganda,155,156.28935787391825,IS
2020-08-28,19,0,69,179,609,Egypt,223,131.59420245162576,IS
2020-08-28,14,0,52,134,457,Senegal,90,98.758911783726,IS
2020-08-28,415,8,1506,3873,13183,South Africa,1846,2855.071068357113,IS
2020-08-28,22,0,79,205,697,Uganda,77,150.72597827668662,IS
2020-08-29,21,0,76,197,671,Egypt,212,144.99673158540256,IS
2020-08-29,12,0,45,116,395,Senegal,72,85.4168513408499,IS
2020-08-29,373,7,1352,3476,11831,South Africa,2419,2562.4093032125807,IS
2020-08-29,20,0,74,192,653,Uganda,91,141.17475464571928,IS
2020-08-30,25,0,91,235,801,Egypt,230,173.30883724969254,IS
2020-08-30,11,0,40,103,350,Senegal,100,75.64638798255578,IS
2020-08-30,346,7,1254,3225,10977,South Africa,2505,2377.3300890846135,IS
2020-08-30,15,0,55,142,482,Uganda,81,104.24674856910207,IS
2020-08-31,29,0,107,275,938,Egypt,212,202.9430638317794,IS
2020-08-31,11,0,41,106,362,Senegal,55,78.14811328360739,IS
2020-08-31,340,7,1235,3176,10809,South Africa,1985,2340.977660119427,IS
2020-08-31,15,0,55,143,488,Uganda,44,105.40755647232297,IS
2020-09-01,32,0,117,303,1031,Egypt,176,222.9715214016951,IS
2020-09-01,12,0,44,115,391,Senegal,44,84.5609913636376,IS
2020-09-01,376,7,1365,3509,11944,South Africa,1218,2586.7345374728516,IS
2020-09-01,15,0,55,143,487,Uganda,65,105.27526985667285,IS
2020-09-02,34,0,124,319,1085,Egypt,165,234.7397647120475,IS
2020-09-02,13,0,49,125,427,Senegal,88,92.28526463365745,IS
2020-09-02,391,8,1417,3645,12406,South Africa,2336,2686.8599075477555,IS
2020-09-02,15,0,56,144,492,Uganda,75,106.24314300310539,IS
2020-09-03,33,0,121,310,1057,Egypt,145,228.73394334543062,IS
2020-09-03,11,0,42,108,368,Senegal,83,79.57563135316623,IS
2020-09-03,348,7,1262,3245,11044,South Africa,2420,2391.9064494665986,IS
2020-09-03,14,0,51,131,447,Uganda,176,96.63255887977505,IS
2020-09-04,31,0,113,292,994,Egypt,157,215.09253341044976,IS
2020-09-04,10,0,36,94,321,Senegal,55,69.21875865762394,IS
2020-09-04,336,7,1218,3132,10658,South Africa,2063,2308.2481185206634,IS
2020-09-04,11,0,42,109,371,Uganda,65,80.10802559119435,IS
2020-09-05,30,0,108,279,949,Egypt,130,205.39335416375036,IS
2020-09-05,9,0,34,87,297,Senegal,67,64.17921573792357,IS
2020-09-05,336,7,1220,3138,10682,South Africa,1806,2313.3640129939054,IS
2020-09-05,12,0,43,110,374,Uganda,186,80.8418632491537,IS
2020-09-06,28,0,102,264,898,Egypt,151,194.35753028800673,IS
2020-09-06,9,0,33,85,291,Senegal,39,62.75413971240619,IS
2020-09-06,304,6,1104,2839,9661,South Africa,1633,2092.3964422888694,IS
2020-09-06,12,0,45,116,396,Uganda,128,85.49477883670588,IS
2020-09-07,26,0,96,246,839,Egypt,178,181.50619478956298,IS
2020-09-07,8,0,32,82,279,Senegal,27,60.11242950942383,IS
2020-09-07,291,6,1057,2718,9249,South Africa,845,2003.1248455300238,IS
2020-09-07,14,0,51,133,452,Uganda,109,97.73560134176213,IS
2020-09-08,25,0,90,233,793,Egypt,187,171.49842253247868,IS
2020-09-08,9,0,32,84,286,Senegal,30,61.80537483225176,IS
2020-09-08,291,6,1057,2717,9249,South Africa,1079,2003.0696827878037,IS
2020-09-08,17,0,62,160,546,Uganda,124,117.98654133184978,IS
2020-09-09,24,0,88,225,768,Egypt,175,166.13168100219653,IS
2020-09-09,9,0,33,87,295,Senegal,58,63.695276396434025,IS
2020-09-09,298,6,1080,2778,9456,South Africa,1990,2047.9709747505203,IS
2020-09-09,20,0,71,184,628,Uganda,201,135.75446759661418,IS
2020-09-10,23,0,85,219,748,Egypt,154,161.67202587967995,IS
2020-09-10,7,0,27,69,236,Senegal,48,50.88042753953514,IS
2020-09-10,272,5,987,2539,8642,South Africa,2007,1871.6590483103425,IS
2020-09-10,21,0,76,197,670,Uganda,190,144.9635456564511,IS
2020-09-11,24,0,87,224,763,Egypt,151,164.97048789188202,IS
2020-09-11,6,0,22,58,197,Senegal,43,42.39246894775348,IS
2020-09-11,246,5,891,2292,7800,South Africa,1960,1689.2021413365385,IS
2020-09-11,20,0,73,189,643,Uganda,86,139.05637001530934,IS
2020-09-12,25,0,91,236,803,Egypt,148,173.65786494194688,IS
2020-09-12,7,0,25,64,217,Senegal,44,46.79454560858995,IS
2020-09-12,227,4,825,2122,7223,South Africa,1816,1564.3466750425769,IS
2020-09-12,22,0,81,209,712,Uganda,326,154.00083393933318,IS
2020-09-13,26,0,95,244,830,Egypt,153,179.45220365476607,IS
2020-09-13,6,0,21,54,186,Senegal,43,39.94393194576719,IS
2020-09-13,228,4,827,2127,7240,South Africa,1579,1567.9254312546511,IS
2020-09-13,23,0,84,216,735,Uganda,96,158.97409754367433,IS
2020-09-14,26,0,94,242,825,Egypt,168,178.42653163609222,IS
2020-09-14,5,0,20,52,178,Senegal,26,38.3247336695194,IS
2020-09-14,247,5,897,2308,7856,South Africa,956,1701.2975248956857,IS
2020-09-14,24,0,87,224,763,Uganda,179,165.13373842392713,IS
2020-09-15,24,0,89,230,784,Egypt,163,169.61900209563365,IS
2020-09-15,6,0,22,56,192,Senegal,223,41.2591130379356,IS
2020-09-15,287,6,1041,2677,9113,South Africa,772,1973.5204350463919,IS
2020-09-15,26,0,95,245,834,Uganda,145,180.4563028632567,IS
2020-09-16,23,0,86,220,751,Egypt,160,162.45686571433254,IS
2020-09-16,6,0,23,61,207,Senegal,39,44.67481093084107,IS
2020-09-16,298,6,1083,2784,9476,South Africa,1923,2052.1612962977533,IS
2020-09-16,28,0,101,260,886,Uganda,143,191.5908190604753,IS
2020-09-17,23,0,84,217,741,Egypt,141,160.24637766561756,IS
2020-09-17,7,0,26,67,230,Senegal,50,49.57984645341446,IS
2020-09-17,276,5,1002,2578,8774,South Africa,2128,1900.1110440075222,IS
2020-09-17,27,0,98,252,858,Uganda,114,185.6973860990988,IS
2020-09-18,24,0,88,227,772,Egypt,131,166.94643117120822,IS
2020-09-18,8,0,29,75,256,Senegal,27,55.20221777871624,IS
2020-09-18,243,5,880,2264,7706,South Africa,2055,1668.9672303735642,IS
2020-09-18,26,0,94,243,828,Uganda,214,179.07553263119547,IS
2020-09-19,24,0,89,229,779,Egypt,128,168.45504797421302,IS
2020-09-19,9,0,35,90,307,Senegal,43,66.30542322358245,IS
2020-09-19,232,5,842,2166,7373,South Africa,2029,1596.6956665598489,IS
2020-09-19,26,0,96,246,839,Uganda,423,181.4739975314195,IS
2020-09-20,24,0,89,230,782,Egypt,115,169.15479096658657,IS
2020-09-20,10,0,38,97,332,Senegal,26,71.77377675583975,IS
2020-09-20,239,5,868,2233,7600,South Africa,1555,1645.8013953696802,IS
2020-09-20,22,0,81,210,715,Uganda,270,154.5958025635478,IS
2020-09-21,23,0,86,221,754,Egypt,126,163.03420460267395,IS
2020-09-21,10,0,36,94,320,Senegal,24,69.00369870787759,IS
2020-09-21,259,5,939,2414,8217,South Africa,725,1779.5098657142962,IS
2020-09-21,26,0,93,241,820,Uganda,181,177.28284830762038,IS
2020-09-22,22,0,81,209,714,Egypt,113,154.3268279235645,IS
2020-09-22,9,0,33,85,291,Senegal,21,62.80337865488556,IS
2020-09-22,293,6,1062,2732,9298,South Africa,1346,2013.785904457632,IS
2020-09-22,29,0,106,274,932,Uganda,244,201.68568835607394,IS
2020-09-23,21,0,76,197,671,Egypt,121,145.12091541334257,IS
2020-09-23,5,0,18,46,157,Senegal,36,33.789819801927536,IS
2020-09-23,308,6,1119,2877,9791,South Africa,1906,2120.537443409874,IS
2020-09-23,34,0,124,319,1088,Uganda,167,235.35364267334074,IS
2020-09-24,20,0,72,187,636,Egypt,138,137.42830653882314,IS
2020-09-24,4,0,16,42,144,Senegal,21,30.92626742822995,IS
2020-09-24,284,6,1030,2649,9017,South Africa,1861,1952.8338692151583,IS
2020-09-24,39,0,141,362,1232,Uganda,185,266.58985647042556,IS
2020-09-25,20,0,72,185,632,Egypt,112,136.6070256223377,IS
2020-09-25,4,0,15,38,130,Senegal,23,27.852835628883316,IS
2020-09-25,256,5,930,2391,8137,South Africa,1480,1762.2539838808393,IS
2020-09-25,41,1,149,384,1306,Uganda,154,282.70858936181764,IS
2020-09-26,19,0,70,181,616,Egypt,111,133.27251764320545,IS
2020-09-26,4,0,14,37,127,Senegal,30,27.315054980355264,IS
2020-09-26,242,5,879,2262,7699,South Africa,969,1667.2916329306624,IS
2020-09-26,39,0,141,362,1233,Uganda,146,266.9319851178406,IS
2020-09-27,19,0,69,178,606,Egypt,104,130.93858489649696,IS
2020-09-27,3,0,13,33,114,Senegal,40,24.500324798506252,IS
2020-09-27,229,4,829,2133,7261,South Africa,1268,1572.385138094873,IS
2020-09-27,31,0,114,294,1002,Uganda,166,216.798979174533,IS
2020-09-28,19,0,71,183,625,Egypt,115,135.10049235901914,IS
2020-09-28,3,0,13,33,114,Senegal,10,24.482296874445193,IS
2020-09-28,230,4,834,2145,7299,South Africa,903,1580.8017491038759,IS
2020-09-28,28,0,103,266,905,Uganda,247,195.68671576485048,IS
2020-09-29,19,0,68,176,601,Egypt,124,129.89930284864764,IS
2020-09-29,3,0,13,34,117,Senegal,26,25.152299858273746,IS
2020-09-29,226,4,820,2109,7177,South Africa,903,1554.2018773258146,IS
2020-09-29,27,0,98,253,863,Uganda,240,186.65152199598558,IS
2020-09-30,18,0,67,172,587,Egypt,119,126.85762118549822,IS
2020-09-30,4,0,14,36,122,Senegal,37,26.28786164340334,IS
2020-09-30,220,4,800,2057,7002,South Africa,1767,1516.3629720654833,IS
2020-09-30,25,0,92,238,809,Uganda,112,175.06312308417313,IS
2020-10-01,18,0,65,169,575,Egypt,119,124.26225553923095,IS
2020-10-01,3,0,13,35,120,Senegal,37,25.67509134736267,IS
2020-10-01,205,4,745,1917,6524,South Africa,1745,1412.7609708558768,IS
2020-10-01,26,0,95,246,837,Uganda,158,180.9818233836243,IS
2020-10-02,17,0,64,164,559,Egypt,149,120.88756495680694,IS
2020-10-02,3,0,13,35,120,Senegal,32,25.854581455901098,IS
2020-10-02,192,4,698,1795,6111,South Africa,1749,1323.3659894188747,IS
2020-10-02,27,0,100,257,875,Uganda,204,189.2984648959061,IS
2020-10-03,18,0,66,169,576,Egypt,109,124.48039585932649,IS
2020-10-03,4,0,14,36,122,Senegal,17,26.18436820543072,IS
2020-10-03,183,3,664,1709,5816,South Africa,1883,1259.5561219515105,IS
2020-10-03,28,0,102,263,895,Uganda,171,193.56184365058346,IS
2020-10-04,19,0,68,176,601,Egypt,108,130.02118263292024,IS
2020-10-04,4,0,14,37,126,Senegal,26,27.073771063110385,IS
2020-10-04,195,4,709,1823,6204,South Africa,1573,1343.541726470815,IS
2020-10-04,28,0,103,266,907,Uganda,146,196.3185594365616,IS
2020-10-05,20,0,72,185,631,Egypt,98,136.36100707922628,IS
2020-10-05,4,0,14,36,123,Senegal,28,26.42251341838423,IS
2020-10-05,213,4,774,1991,6776,South Africa,926,1467.4333423888334,IS
2020-10-05,27,0,100,258,879,Uganda,157,190.05496119733064,IS
2020-10-06,20,0,72,184,629,Egypt,121,135.90322161490474,IS
2020-10-06,4,0,15,40,136,Senegal,19,29.149449569996655,IS
2020-10-06,241,5,874,2248,7651,South Africa,1027,1657.0039563611451,IS
2020-10-06,25,0,93,239,815,Uganda,117,176.29222396065015,IS
2020-10-07,19,0,70,181,615,Egypt,133,133.04482436385274,IS
2020-10-07,4,0,15,39,133,Senegal,33,28.614322407233782,IS
2020-10-07,248,5,900,2314,7878,South Africa,1913,1706.0063286272273,IS
2020-10-07,24,0,86,223,759,Uganda,178,164.18230212933915,IS
2020-10-08,19,0,69,177,602,Egypt,121,130.19003509822403,IS
2020-10-08,4,0,14,35,121,Senegal,16,25.90863351616991,IS
2020-10-08,230,4,834,2145,7299,South Africa,1736,1580.7168497593643,IS
2020-10-08,25,0,90,232,790,Uganda,182,170.8639599940536,IS
2020-10-09,18,0,67,174,592,Egypt,106,128.07282427151534,IS
2020-10-09,3,0,12,32,111,Senegal,23,23.84280790972248,IS
2020-10-09,214,4,776,1997,6796,South Africa,1461,1471.7248987830553,IS
2020-10-09,24,0,88,226,769,Uganda,96,166.41808666757368,IS
2020-10-10,18,0,65,167,567,Egypt,125,122.66129575404291,IS
2020-10-10,3,0,12,32,108,Senegal,31,23.234295772596376,IS
2020-10-10,199,4,721,1853,6308,South Africa,2544,1366.0972652297548,IS
2020-10-10,23,0,83,213,726,Uganda,163,157.10787731117497,IS
2020-10-11,18,0,66,171,584,Egypt,129,126.18763750580253,IS
2020-10-11,3,0,13,33,113,Senegal,24,24.25723424839237,IS
2020-10-11,203,4,737,1897,6456,South Africa,1575,1398.1601604352065,IS
2020-10-11,22,0,81,209,712,Uganda,100,153.9420128642984,IS
2020-10-12,19,0,69,178,605,Egypt,132,130.77114349452893,IS
2020-10-12,3,0,12,32,111,Senegal,24,23.774278417239948,IS
2020-10-12,217,4,787,2024,6890,South Africa,888,1492.0210027036733,IS
2020-10-12,22,0,82,211,718,Uganda,63,155.34881969592487,IS
2020-10-13,20,0,73,187,637,Egypt,139,137.70275114190764,IS
2020-10-13,3,0,12,32,110,Senegal,15,23.514577131325588,IS
2020-10-13,235,5,853,2194,7467,South Africa,1178,1617.1397364408465,IS
2020-10-13,22,0,79,204,696,Uganda,81,150.53623305202953,IS
2020-10-14,20,0,74,191,649,Egypt,128,140.34797749714932,IS
2020-10-14,3,0,13,33,113,Senegal,24,24.159222492470747,IS
2020-10-14,254,5,922,2371,8070,South Africa,1877,1747.7139065573597,IS
2020-10-14,21,0,77,198,676,Uganda,124,146.1154875795837,IS
2020-10-15,20,0,73,189,643,Egypt,118,139.06086199778667,IS
2020-10-15,3,0,12,31,107,Senegal,17,22.87332230066066,IS
2020-10-15,246,5,891,2291,7798,South Africa,1770,1688.710110778653,IS
2020-10-15,18,0,67,174,593,Uganda,48,128.17111383700677,IS
2020-10-16,20,0,73,189,645,Egypt,126,139.51126955353823,IS
2020-10-16,3,0,12,31,108,Senegal,20,23.109547574851184,IS
2020-10-16,234,5,847,2180,7418,South Africa,2019,1606.5501216431771,IS
2020-10-16,16,0,57,148,505,Uganda,217,109.04347796114195,IS
2020-10-17,20,0,74,192,653,Egypt,138,141.29000993533765,IS
2020-10-17,3,0,12,30,104,Senegal,24,22.319769859874764,IS
2020-10-17,239,5,868,2232,7596,South Africa,1928,1644.9546503500999,IS
2020-10-17,15,0,55,141,482,Uganda,121,104.12030403886811,IS
2020-10-18,20,0,75,193,658,Egypt,127,142.209841872225,IS
2020-10-18,3,0,11,28,95,Senegal,26,20.401185769157905,IS
2020-10-18,206,4,747,1920,6536,South Africa,1662,1415.3822483858612,IS
2020-10-18,14,0,51,130,444,Uganda,135,96.00608107015293,IS
2020-10-19,20,0,75,192,655,Egypt,123,141.67805190156201,IS
2020-10-19,3,0,10,27,93,Senegal,14,19.97573672956587,IS
2020-10-19,217,4,788,2026,6896,South Africa,1461,1493.435811539009,IS
2020-10-19,15,0,56,145,495,Uganda,101,107.01285205983261,IS
2020-10-20,20,0,75,193,659,Egypt,158,142.548753646207,IS
2020-10-20,3,0,10,27,94,Senegal,27,20.095564010737036,IS
2020-10-20,259,5,941,2420,8237,South Africa,1050,1783.9215026656054,IS
2020-10-20,17,0,64,165,561,Uganda,97,121.26090729433069,IS
2020-10-21,20,0,74,190,647,Egypt,178,139.92610751202017,IS
2020-10-21,3,0,11,29,100,Senegal,25,21.341402128672488,IS
2020-10-21,276,5,1000,2573,8756,South Africa,2055,1896.346692289258,IS
2020-10-21,19,0,70,179,611,Uganda,145,132.1643788964483,IS
2020-10-22,20,0,75,193,659,Egypt,177,142.48940259273763,IS
2020-10-22,3,0,11,29,99,Senegal,24,21.137200468788333,IS
2020-10-22,271,5,984,2531,8616,South Africa,2156,1865.9056258254004,IS
2020-10-22,19,0,69,178,608,Uganda,108,131.3879039980234,IS
2020-10-23,23,0,84,217,740,Egypt,170,160.04635403286255,IS
2020-10-23,3,0,12,31,105,Senegal,17,22.444604942591244,IS
2020-10-23,268,5,971,2497,8497,South Africa,1897,1840.1877246987785,IS
2020-10-23,20,0,73,189,644,Uganda,122,139.29477570393797,IS
2020-10-24,24,0,88,226,770,Egypt,167,166.5505901523507,IS
2020-10-24,3,0,12,31,107,Senegal,18,22.863055076164546,IS
2020-10-24,253,5,917,2358,8027,South Africa,1834,1738.4412524663644,IS
2020-10-24,17,0,64,166,564,Uganda,134,121.99459637431698,IS
2020-10-25,25,0,91,234,796,Egypt,143,172.1703773242712,IS
2020-10-25,3,0,12,31,107,Senegal,8,22.92830250458039,IS
2020-10-25,261,5,947,2434,8286,South Africa,1622,1794.4593742777029,IS
2020-10-25,17,0,63,162,553,Uganda,146,119.60289119191629,IS
2020-10-26,27,0,98,254,864,Egypt,167,186.93950508393286,IS
2020-10-26,3,0,12,32,109,Senegal,14,23.296796264247842,IS
2020-10-26,279,5,1014,2607,8873,South Africa,891,1921.5341697793544,IS
2020-10-26,17,0,61,158,540,Uganda,114,116.72913094844436,IS
2020-10-27,28,0,103,265,904,Egypt,170,195.58896476600594,IS
2020-10-27,3,0,13,33,114,Senegal,6,24.37638099792816,IS
2020-10-27,291,6,1054,2711,9226,South Africa,1092,1998.1409270963372,IS
2020-10-27,18,0,65,167,569,Uganda,64,123.09290864667281,IS
2020-10-28,27,0,100,257,875,Egypt,153,189.3299083885555,IS
2020-10-28,3,0,11,28,98,Senegal,11,20.915700166512256,IS
2020-10-28,282,6,1023,2631,8954,South Africa,1863,1939.2375331824928,IS
2020-10-28,18,0,67,173,591,Uganda,146,127.72234123974852,IS
2020-10-29,27,0,100,257,876,Egypt,179,189.5177099737211,IS
2020-10-29,2,0,9,24,83,Senegal,11,17.69841848966714,IS
2020-10-29,260,5,943,2425,8253,South Africa,2056,1787.4317937671944,IS
2020-10-29,18,0,66,169,576,Uganda,434,124.50773512761324,IS
2020-10-30,27,0,98,252,859,Egypt,167,185.8131553191082,IS
2020-10-30,2,0,8,21,73,Senegal,12,15.51090891358583,IS
2020-10-30,235,5,853,2193,7466,South Africa,1912,1616.768633094512,IS
2020-10-30,18,0,66,171,581,Uganda,209,125.63406970985993,IS
2020-10-31,27,0,98,251,856,Egypt,179,185.13495331213764,IS
2020-10-31,2,0,7,19,65,Senegal,11,13.86340488911412,IS
2020-10-31,227,4,822,2114,7193,South Africa,1770,1557.8507663529522,IS
2020-10-31,20,0,72,185,629,Uganda,85,136.02131980083675,IS
2020-11-01,26,0,96,248,846,Egypt,181,182.99691149116447,IS
2020-11-01,2,0,6,17,59,Senegal,14,12.50979015831578,IS
2020-11-01,228,4,826,2123,7227,South Africa,1371,1565.0779065479214,IS
2020-11-01,23,0,84,217,739,Uganda,248,159.80370997520757,IS
2020-11-02,27,0,98,252,859,Egypt,189,185.83445518043763,IS
2020-11-02,2,0,7,19,65,Senegal,7,13.775128220772013,IS
2020-11-02,240,5,870,2237,7615,South Africa,772,1649.0668573531552,IS
2020-11-02,27,0,97,250,852,Uganda,228,184.23243398885037,IS
2020-11-03,27,0,99,256,872,Egypt,197,188.6521072355731,IS
2020-11-03,2,0,7,19,65,Senegal,3,13.753635717554014,IS
2020-11-03,264,5,957,2461,8378,South Africa,1241,1814.3559175967748,IS
2020-11-03,30,0,110,283,964,Uganda,128,208.46096434055937,IS
2020-11-04,28,0,101,261,889,Egypt,207,192.32431485995178,IS
2020-11-04,2,0,8,21,71,Senegal,10,15.166760803325047,IS
2020-11-04,284,6,1029,2646,9007,South Africa,1712,1950.5877788763062,IS
2020-11-04,33,0,120,310,1055,Uganda,252,228.35476034623912,IS
2020-11-05,29,0,105,270,920,Egypt,201,198.94420423399157,IS
2020-11-05,2,0,8,20,69,Senegal,18,14.635306010309597,IS
2020-11-05,266,5,964,2479,8438,South Africa,1866,1827.3313323533332,IS
2020-11-05,34,0,124,320,1090,Uganda,217,235.9473189709518,IS
2020-11-06,29,0,107,276,940,Egypt,224,203.33543339503922,IS
2020-11-06,2,0,7,19,64,Senegal,8,13.725306237521949,IS
2020-11-06,229,4,829,2133,7259,South Africa,1761,1571.9696229584056,IS
2020-11-06,28,0,101,261,889,Uganda,284,192.41496998351568,IS
2020-11-07,30,0,110,282,961,Egypt,208,207.97689470341774,IS
2020-11-07,2,0,6,17,59,Senegal,17,12.465657329280464,IS
2020-11-07,211,4,766,1970,6705,South Africa,1731,1452.0505999601173,IS
2020-11-07,28,0,101,259,882,Uganda,214,190.80294101059755,IS
2020-11-08,31,0,114,295,1003,Egypt,239,217.071533681555,IS
2020-11-08,2,0,6,17,59,Senegal,15,12.542335353264578,IS
2020-11-08,202,4,732,1884,6412,South Africa,1372,1388.5795778431575,IS
2020-11-08,31,0,114,294,1002,Uganda,337,216.78159394935963,IS
2020-11-09,30,0,110,284,966,Egypt,221,209.03361809964727,IS
2020-11-09,2,0,7,19,64,Senegal,3,13.672617295599428,IS
2020-11-09,210,4,763,1961,6676,South Africa,1247,1445.7422622670667,IS
2020-11-09,32,0,116,300,1020,Uganda,171,220.7486400991989,IS
2020-11-10,31,0,113,291,991,Egypt,232,214.35387416411828,IS
2020-11-10,2,0,7,20,67,Senegal,9,14.350184940720355,IS
2020-11-10,241,5,873,2244,7638,South Africa,1729,1654.1322718479826,IS
2020-11-10,33,0,122,313,1067,Uganda,130,230.7756927262337,IS
2020-11-11,32,0,116,298,1016,Egypt,227,219.82636334533848,IS
2020-11-11,2,0,8,21,71,Senegal,15,15.229638024202345,IS
2020-11-11,248,5,901,2317,7886,South Africa,2140,1707.8013448956333,IS
2020-11-11,37,0,135,347,1181,Uganda,289,255.58014197222852,IS
2020-11-12,32,0,118,304,1036,Egypt,214,224.23383558507598,IS
2020-11-12,2,0,7,20,68,Senegal,9,14.493358362375526,IS
2020-11-12,241,5,875,2250,7657,South Africa,2338,1658.2561859882308,IS
2020-11-12,36,0,131,339,1153,Uganda,224,249.4492818050958,IS
2020-11-13,32,0,118,305,1039,Egypt,224,224.8487268250433,IS
2020-11-13,2,0,7,18,61,Senegal,11,12.9408156977935,IS
2020-11-13,237,5,861,2216,7541,South Africa,2213,1633.1371643308312,IS
2020-11-13,35,0,129,333,1134,Uganda,185,245.30169075781893,IS
2020-11-14,32,0,117,301,1024,Egypt,228,221.5204882560791,IS
2020-11-14,2,0,7,18,63,Senegal,24,13.499598175332697,IS
2020-11-14,251,5,909,2339,7960,South Africa,2237,1723.874773811278,IS
2020-11-14,32,0,117,302,1029,Uganda,387,222.54077773410134,IS
2020-11-15,32,0,118,304,1037,Egypt,220,224.30318299463414,IS
2020-11-15,2,0,7,18,62,Senegal,14,13.182073155208753,IS
2020-11-15,279,5,1013,2605,8867,South Africa,1842,1920.2255217270285,IS
2020-11-15,32,0,117,303,1031,Uganda,231,222.9839030892672,IS
2020-11-16,32,0,117,302,1029,Egypt,242,222.59334206285112,IS
2020-11-16,2,0,7,19,64,Senegal,8,13.637988074142704,IS
2020-11-16,297,6,1076,2766,9415,South Africa,1245,2038.9904117124502,IS
2020-11-16,29,0,108,277,944,Uganda,237,204.14580965904617,IS
2020-11-17,32,0,118,305,1039,Egypt,275,224.79409592002332,IS
2020-11-17,2,0,8,21,73,Senegal,5,15.609261422477351,IS
2020-11-17,309,6,1121,2882,9808,South Africa,1987,2124.2460638895827,IS
2020-11-17,33,0,119,308,1048,Uganda,306,226.73522956869405,IS
2020-11-18,33,0,119,308,1047,Egypt,329,226.59797003158099,IS
2020-11-18,2,0,9,23,80,Senegal,17,17.13170446888545,IS
2020-11-18,304,6,1103,2836,9653,South Africa,2888,2090.6517419225465,IS
2020-11-18,37,0,134,345,1176,Uganda,342,254.46427518442235,IS
2020-11-19,33,0,120,310,1054,Egypt,342,228.09977496202788,IS
2020-11-19,2,0,9,24,84,Senegal,12,17.954383659012155,IS
2020-11-19,300,6,1087,2794,9511,South Africa,2514,2059.791703183852,IS
2020-11-19,36,0,132,339,1154,Uganda,243,249.8234718419924,IS
2020-11-20,34,0,125,323,1099,Egypt,363,237.74941938660183,IS
2020-11-20,2,0,9,24,84,Senegal,13,17.94070226879195,IS
2020-11-20,295,6,1068,2748,9353,South Africa,3105,2025.5829784103942,IS
2020-11-20,38,0,140,360,1226,Uganda,283,265.21098974394545,IS
2020-11-21,36,0,132,341,1160,Egypt,358,250.9510236536393,IS
2020-11-21,2,0,9,23,80,Senegal,17,17.023276664170723,IS
2020-11-21,311,6,1129,2903,9881,South Africa,2646,2139.895734635573,IS
2020-11-21,41,1,148,381,1296,Uganda,236,280.5037644777903,IS
2020-11-22,40,1,146,376,1280,Egypt,351,276.90535958319214,IS
2020-11-22,2,0,8,20,68,Senegal,17,14.502536344993853,IS
2020-11-22,330,7,1196,3075,10466,South Africa,2270,2266.761118615225,IS
2020-11-22,38,0,140,360,1225,Uganda,301,265.009519164077,IS
2020-11-23,43,1,158,408,1389,Egypt,354,300.55128797555085,IS
2020-11-23,2,0,8,21,72,Senegal,15,15.421253975866785,IS
2020-11-23,362,7,1314,3379,11500,South Africa,2080,2490.630553532011,IS
2020-11-23,40,1,145,374,1272,Uganda,197,275.28000769392895,IS
2020-11-24,47,1,170,439,1494,Egypt,361,323.41951306230817,IS
2020-11-24,2,0,9,24,81,Senegal,11,17.268147480860996,IS
2020-11-24,403,8,1463,3761,12801,South Africa,2493,2772.504560758921,IS
2020-11-24,40,0,145,373,1269,Uganda,241,274.68759311128457,IS
2020-11-25,49,1,178,459,1563,Egypt,365,338.3630340984891,IS
2020-11-25,3,0,10,26,91,Senegal,19,19.427013056042487,IS
2020-11-25,421,8,1528,3930,13375,South Africa,3250,2896.7722194536163,IS
2020-11-25,38,0,139,358,1218,Uganda,484,263.5142235654847,IS
2020-11-26,49,1,178,457,1557,Egypt,368,337.0799453811587,IS
2020-11-26,3,0,10,26,90,Senegal,33,19.192757964235565,IS
2020-11-26,403,8,1462,3760,12798,South Africa,3069,2771.7782134355757,IS
2020-11-26,36,0,131,338,1150,Uganda,225,248.89269442425518,IS
2020-11-27,49,1,178,458,1560,Egypt,357,337.6634899077772,IS
2020-11-27,3,0,10,27,91,Senegal,21,19.46842900886625,IS
2020-11-27,379,8,1375,3537,12037,South Africa,3370,2606.9962657186693,IS
2020-11-27,37,0,135,347,1182,Uganda,473,255.87437380167577,IS
2020-11-28,48,1,174,448,1526,Egypt,351,330.25578054965575,IS
2020-11-28,3,0,11,28,94,Senegal,46,20.220252401495078,IS
2020-11-28,363,7,1315,3381,11508,South Africa,3198,2492.2765486413095,IS
2020-11-28,38,0,140,360,1228,Uganda,356,265.64207247915226,IS
2020-11-29,49,1,177,455,1551,Egypt,358,335.6343326635625,IS
2020-11-29,3,0,11,28,96,Senegal,48,20.64249068081066,IS
2020-11-29,383,8,1387,3568,12145,South Africa,2563,2630.2471923350126,IS
2020-11-29,42,1,152,392,1335,Uganda,201,288.88395409801194,IS
2020-11-30,49,1,178,458,1561,Egypt,370,337.81051098168433,IS
2020-11-30,3,0,13,34,118,Senegal,14,25.284095423992817,IS
2020-11-30,418,8,1514,3895,13255,South Africa,2302,2870.739250128915,IS
2020-11-30,45,1,163,419,1426,Uganda,314,308.57605584350716,IS
2020-11-30,49,1,178,458,1561,Egypt,370,337.81051098168433,OUS
2020-11-30,3,0,13,34,118,Senegal,14,25.284095423992817,OUS
2020-11-30,418,8,1514,3895,13255,South Africa,2302,2870.739250128915,OUS
2020-11-30,45,1,163,419,1426,Uganda,314,308.57605584350716,OUS
2020-12-01,50,1,180,469,1525,Egypt,392,340.2614,OUS
2020-12-02,48,1,182,461,1604.0499999999993,Egypt,421,345.696,OUS
2020-12-03,50,1,172,446.25,1509.0249999999996,Egypt,432,329.3116,OUS
2020-12-04,46,1,173,444,1562.0249999999996,Egypt,427,334.0508,OUS
2020-12-05,43,1,161,425,1573.1749999999975,Egypt,431,319.6737,OUS
2020-12-06,41,1,154,401,1556,Egypt,418,314.7476,OUS
2020-12-07,39,1,147,398,1634,Egypt,415,316.3188,OUS
2020-12-08,36,0,134,377.25,1683.1249999999982,Egypt,434,312.4051,OUS
2020-12-09,34,0,128,370,1632.1499999999978,Egypt,421,302.7957,OUS
2020-12-01,4,0,16,41,141,Senegal,18,30.5483,OUS
2020-12-02,6,0,20,52,175,Senegal,66,38.1274,OUS
2020-12-03,6,0,21,55,187,Senegal,44,40.8221,OUS
2020-12-04,5,0,21,55,193,Senegal,80,40.9294,OUS
2020-12-05,5,0,20,51,192,Senegal,100,39.158,OUS
2020-12-06,4,0,18,48,202,Senegal,80,38.3157,OUS
2020-12-07,4,0,16,45,195,Senegal,76,36.3137,OUS
2020-12-08,4,0,17,48,212,Senegal,43,39.3297,OUS
2020-12-09,4,0,18,51,235,Senegal,69,42.5232,OUS
2020-12-01,430,9,1606.5,4178,13945.574999999977,South Africa,2295,3061.6822,OUS
2020-12-02,474,10,1680,4401.25,14879.474999999993,South Africa,4173,3233.7277,OUS
2020-12-03,439,8,1626,4248.75,14483.474999999993,South Africa,4400,3091.6555,OUS
2020-12-04,439,9,1556,3982,13877,South Africa,4932,2972.6201,OUS
2020-12-05,397.75,7,1414,3834.25,14507.099999999999,South Africa,4645,2955.8085,OUS
2020-12-06,359.75,7.975000000000023,1349.5,3557.25,14235.374999999995,South Africa,4116,2800.3926,OUS
2020-12-07,339.75,6,1291.5,3560.25,16140.174999999997,South Africa,3313,3006.9412,OUS
2020-12-08,340.75,7,1327.5,3846.25,17194.64999999999,South Africa,4011,3185.0222,OUS
2020-12-09,329,6,1277.5,3760,18097.249999999993,South Africa,6709,3157.907,OUS
2020-12-01,46,1,177,451,1543.199999999997,Uganda,576,336.1351,OUS
2020-12-02,52,1,183,476,1668.074999999999,Uganda,374,352.412,OUS
2020-12-03,45,1,161,431.25,1491.0249999999996,Uganda,203,320.2556,OUS
2020-12-04,45,1,166,427,1583.0999999999985,Uganda,286,325.5725,OUS
2020-12-05,43,1,155,402,1500.0249999999996,Uganda,290,308.3236,OUS
2020-12-06,38,0,144,390,1623,Uganda,311,312.254,OUS
2020-12-07,38,0,146,409,1701.0249999999996,Uganda,701,325.79880000000003,OUS
2020-12-08,35,0,128,383,1764.0249999999996,Uganda,0,320.8315,OUS
2020-12-09,33,0,123,362,1778.1749999999975,Uganda,1859,310.7596,OUS
